<?xml version="1.0" encoding="UTF-8" standalone="yes"?>
<addon id="plugin.video.stv-streaming"
       name="Save.TV Streaming"
       version="1.0.1"
       provider-name="Florian Thomas">
  <requires>
    <import addon="xbmc.python" version="2.14.0"/>
  </requires>
  <extension point="xbmc.python.pluginsource" library="default.py">
        <provides>video</provides>
  </extension>
	<extension point="xbmc.python.module" library="lib" />
  <extension point="xbmc.addon.metadata">
    <platform>all</platform>
	<forum></forum>
	<source></source>
    <summary lang="en">Stream directly from your Save.TV video archive</summary>
    <description lang="en">Open your Save.TV video archive and watch your recordings directly from Kodi. No need to download recordings locally first.
Please enter your credentials in the plugin settings before first use.
This plugin only works with a valid Save.TV account.</description>
	<disclaimer lang="en">This plugin is a user development and not associated with or released by Save.TV Limited. </disclaimer>
  </extension>
</addon>